,EGFR,Hypoxia,JAK.STAT,MAPK,NFkB,PI3K,TGFb,TNFa,Trail,VEGF,p53
EGFR,0.225754839358,-0.119988267149,0.173982795984,-0.131861904384,-0.0917895279963,-0.0756780807657,0.00815088054153,0.117292966339,-0.0387267232087,-0.0479332577299,0.0127111168033
MTORC1,-0.0178417871517,-0.0194049397594,0.117699892282,0.100526677501,-0.0469350113825,-0.0757296890936,0.0148233762411,0.0300554627882,-0.0121670008883,0.0907186922095,0.0481270505756
PDGFR,0.0267977693838,-0.0234236529521,-0.0455862144152,-0.0387989524005,0.00532862677344,-0.00721313739194,0.0270188893614,-0.0026612174927,0.0116274918943,-0.0460619383476,0.0097509715354
KIT,-0.13362777825,-0.0456186346378,-0.0508242354296,0.127070418057,-0.019068089962,0.0728436979002,0.00113288446626,-0.0471496457558,0.0210760341878,-0.0266925754911,0.011984986673
VEGFR,0.0798347337884,-0.0169162276191,-0.0272932503217,-0.0340371037074,0.00584537090574,-0.0185131191315,0.0067772840039,-0.00693562787671,-0.0277472167759,-0.0568147209939,0.00707210131866
FLT3,-0.0530754380844,0.0417661973313,0.0237989427931,0.0736272920485,-0.0284322208485,0.0018819752256,-0.0145691398698,-0.0168872259317,-0.0204387343802,-0.072154756166,-0.00454260514743
RET,0.151855620746,0.0157980022998,0.0201653800724,-0.0933832591032,0.0433345743289,-0.0840062301501,-0.00182141829876,-0.0233675258455,-0.053332349648,-0.0157498520056,-0.0065833920979
CSF1R,-0.0262422930422,0.044474801702,0.00386889878094,0.0125298879287,-0.0789279959649,0.00275390839523,-0.00359621954127,0.141623793748,0.00124668080428,0.0562716890106,0.0599223166452
MET,0.0494017506508,0.00447487863772,-0.00853665206877,0.00833354753857,0.0499497733068,-0.0148579449418,-0.0271003418514,-0.0482493940965,-0.023691162252,-0.00272807948421,-0.0271807868804
Proteasome,-0.00857216317694,0.0213247357748,0.024399757971,-0.0637588672825,0.0474509977142,-0.0403098335195,-0.02667708003,-0.055413918171,0.0265417353344,0.0215179672425,-0.0560863912219
CAPN1,0.00129764936868,-0.00798055975365,-0.0312572428074,0.0287048265206,0.0196499438056,0.0188616152708,0.00720720664753,-0.0333162152275,0.007946322484,-0.000784475489174,0.00575895295935
Microtubule stabiliser,-0.11997576492,0.0717978774645,0.0814039584946,-0.0755661587605,-0.0894850117822,-0.067394618753,-0.017850050488,0.0778296801895,0.0892311569936,-0.0175683193918,-0.070508122271
SMO,0.0468389156982,0.00458300214991,-0.0744782103039,0.0686687920293,0.114010776256,-0.00914958739764,0.0234345305813,-0.0704694733484,-0.0449391869356,-0.0422296467205,-0.0183437152453
BRAF,0.0506978178112,0.000542063257236,-0.0275631976726,0.0497178447325,0.0325916084724,-0.0848996954792,0.0593887315967,-0.0239675686636,0.0643062303478,0.0593832456824,0.0586895020439
RAF,-0.0100433245322,0.00777424168729,0.0242972515826,-0.00975821602394,-0.0315770698829,-0.00821181925879,-0.00308180468311,0.0382540697795,-0.00962975050853,0.00108583392006,0.0081338450051
AURKA,-0.165490494608,0.109131503557,-0.0846667810379,0.0106455412075,0.00346980183193,0.00738029890983,0.0139750103011,0.0390663259649,-0.0995934246684,0.0773785658757,0.00016113066382
AURKB,-0.0726582080901,-0.0743278317057,-0.0370634818026,0.0399612486092,0.0160551270746,0.0540990492908,0.0212199849702,-0.0675600675553,0.115690807612,0.047151307119,-0.0600960439883
AURKC,0.0204365091605,0.0106693668288,0.00350407393884,-0.00773755214706,0.0326369832735,-0.0153699202006,-0.0226525733157,-0.0136172477286,-0.0598361317236,0.0172029931886,-0.0211364315389
others,-0.134045649465,0.0528539639192,-0.019162369998,0.0668756297187,-0.0937243768203,0.0540464833937,-0.0166977442667,0.119743746026,-0.0043673189542,0.0126669377757,0.0357997710968
ABL,0.0177979735493,-0.0964142815883,-0.0986349286743,-0.0124212124976,0.00830037718725,0.0837277386099,0.064499362401,-0.0045890802893,0.0810174212094,-0.0279923308432,-0.00733967906763
ALK,0.0443064755393,0.0238977286265,0.00920149884758,-0.0182572703837,0.0111218075461,-0.0345751352097,0.00689297604309,0.0236030660571,-0.0376799509286,0.0226285961299,0.0232191388715
ROS1,0.00116328051963,-0.0018365988168,-0.00426596669022,-0.00124099705657,0.0106223537566,0.000420536726279,-0.000486570028517,-0.0134056902129,0.00681258422046,-0.00134925228015,-0.00607417094373
SRC,0.10498166538,-0.0307658471187,0.00356867700464,-0.185911798647,0.0282556736477,0.00573515311728,-0.00469709793965,0.104548110042,-0.0595253743091,-0.0334959404629,-0.0441755102429
KIF11,0.000727378820572,0.00183414043459,0.0127591266353,-0.00855073785238,0.00224969697154,-0.0132716944634,-0.00124543597288,-0.00301294412776,0.000124092714942,0.000648850660649,-0.00553288549872
gamma-secretase,0.0101941367095,0.00192205505051,-0.00384895062081,-0.00845782430117,0.0354673186449,-0.0110933042856,-0.00646307055516,-0.0470654959974,0.0128719538912,0.00971254865362,-0.0198525828557
Ephrins,-0.0173610534735,0.0147440125587,0.0427620172441,-0.0419749601714,-0.024062659151,-0.0335858673462,-0.0137907880765,0.0300817157366,0.00973101611791,0.0160829192455,-0.0191473077917
BCR-ABL,-0.0138359422879,0.00447831910784,0.0296643577583,-0.00867720810723,-0.0449493717444,-0.00508560767808,0.00229780417705,0.0576474960384,-0.00854217365017,-0.00314022742637,0.0132249341545
CDK1,-0.0105999079173,0.0259238058547,-0.0473658291102,-0.00448347597833,0.0619478213716,0.0306433892261,-0.0540371859214,-0.0138585024379,-0.0139635545651,-0.0446105780818,-0.0225545615821
CDK2,-0.226813198886,0.144230974732,-0.0471697231718,0.0828764812747,-0.080417503804,0.121498674581,-0.104135884196,0.173871199403,-0.108289270149,0.00809742490669,0.0465768329374
CDK5,-0.0424274683643,0.0309509446434,-0.00544743556886,-0.0208668455794,-0.0224265084537,0.0107179939252,-0.0339292217614,0.132121025212,-0.0410945812027,0.0425367443139,0.0156270804734
CDK7,-0.0459046005353,0.0959736071438,-0.0440146848681,-0.0939679248594,0.221960630822,0.00778372839073,-0.119118153927,-0.161975015138,-0.144451747533,-0.00652176374875,-0.092115718248
CDK9,-0.00614279529126,-0.0469776624596,0.0144529097209,0.0562939492658,0.190860272694,0.0493758961364,-0.0635603082874,-0.252837303119,0.0334251994848,-0.032949056761,-0.0457023550933
PKC,0.0664393501273,-0.0386869140094,0.100649408406,0.0329714086719,-0.0657716584367,-0.0195306787511,0.00229794232707,-0.0320924249855,0.0418131173061,-0.0349176201702,-0.00317618415758
CDK4,0.0903042822455,-0.0301343213132,0.021533024924,-0.0465339361574,0.00723108657013,-0.068301726925,0.0310386135281,0.00380509287923,0.00301550037897,0.0242031445865,0.0452315440232
LCK,-0.0421754331456,0.00598856959033,0.0734493227071,0.0454232208841,-0.0994243526331,-0.0132428038318,-0.00955747036675,0.0881033174695,-0.0242679715409,0.02151515428,0.00078069384465
FYN,-0.00702261034366,0.00123386731435,0.018318873505,-0.00734389526573,0.000330496061761,-0.011856848755,-0.00269192402085,-0.0011799226675,0.00379121472834,0.00335223909678,-0.00653255535521
BMX,-0.149915388072,0.0216497985294,0.0536391525367,0.125888486749,-0.146282652115,0.0190955348094,-0.0113739334716,0.082805172352,0.040963605397,0.0189793077124,-0.0024066660509
PLK1,-0.0162913095146,0.0271332301632,0.0652798887314,-0.0801919800188,-0.00309114733302,-0.0575705997962,-0.0229798231395,0.0111838849278,0.0134072632517,0.0210944608461,-0.0442728668204
PLK2,0.000532799073573,0.00307324822732,0.016816500608,-0.0204717152964,-0.00596612222201,-0.0136393885042,-0.00669935742649,0.0114288755786,0.00523484316547,0.00150861464829,-0.0126587515198
PLK3,0.0968024973264,0.017478718286,-0.0374872264852,-0.127383122371,0.17284718472,-0.030777421985,-0.0524729311432,-0.075590781395,-0.116580199593,0.00153112860165,-0.0310850914813
IGF1R,0.190773527609,-0.0411293871474,0.0739008068935,-0.0224859937811,-0.0974875936645,-0.114707658982,-0.01165263922,0.167710172157,-0.165612674263,-0.0704363570415,-0.0527946045159
IR,0.00186264076466,0.0223379799193,-0.0203135959498,0.00847576798582,-0.0406018768457,-0.0257493698801,-0.0107818190344,0.0545052538309,-0.0190581969126,0.0210750080172,-0.0202701752146
ITK,-0.00214613157927,0.00343597218476,-0.0017681838974,-0.00819040342835,0.00405638467884,-0.000224736922416,-0.00112067053167,-0.00142005235664,-0.00042644431745,0.00205382897459,-0.00248210732497
RSK2,0.0113244935364,0.00078857431352,0.00504522452584,-0.0141780025349,0.00996397166268,-0.00825140384908,-0.0046415445233,-0.00719447576561,0.00127833093284,0.00846740843653,-0.00683862174977
Dihydrofolate reductase (DHFR),0.0185855348222,-0.00781938037534,-0.0479406683581,0.0223405236458,0.0754781823265,0.0144343607229,-0.00294704601331,-0.094301290107,0.0108693051273,0.00239756242842,-0.0138297518202
MTOR,-0.11940038483,-0.0883459820217,-0.000392389307743,0.150976068637,0.148740437615,0.0827797385611,0.0806606929522,-0.276078272851,0.154609766014,-0.0373494060434,-0.123531511066
AKT1,0.142866724637,-0.0875321094036,0.00891422292875,-0.0707147430116,0.0165672751188,-0.0215570907182,0.038607452437,-0.024296934274,0.03053302966,-0.0156672340669,-0.0238031215989
AKT2,0.13449537139,-0.0934939105294,0.00613129201601,-0.0625653847501,0.0159698799447,-0.0166105204843,0.0393075838414,-0.0314603685342,0.0358808141878,-0.00994014282786,-0.022276430973
AKT3,-0.172237633758,0.105801354957,-0.0155116890938,0.00305952783359,-0.207710295132,0.119457586682,-0.0575336775777,0.222139332337,-0.0916969547187,0.0447048089212,-0.00759753073611
HDAC1,0.0111846278419,0.020361982622,-0.00705365689527,-0.0614852332026,0.415613545064,-0.0529956494181,-0.0166129790216,-0.456487537536,-0.0772278849823,0.0298855509347,-0.118033979081
HDAC3,-0.0039636958143,-0.00510214392421,0.00490167427847,0.00961116861094,-0.0218047672714,0.00524002557281,0.00442027297471,0.0183857363438,0.0019700331886,-0.00412202813325,0.0109048320689
IKK,0.0293139576541,-0.0957458129432,-0.00456483100193,0.0720287342089,-0.00813843432947,0.0574504901416,0.00746975390794,-0.0353162677408,0.0616870191129,-0.0196078373498,-0.0229072356434
PI3Kbeta,0.0547568982194,-0.0782351096949,0.152583317732,0.103886982974,-0.172672444616,-0.0051708026011,-0.0119543223411,0.101031184708,0.169715034578,-0.0127705548965,0.0238551797383
ERK5,0.160636492002,0.0142024098436,-0.0185387923939,-0.115355694338,0.0852350234697,-0.0507123822535,-0.0267913205764,-0.00976039918058,-0.0857162365351,0.0255119577771,-0.00957123246924
BET,-0.00232080953754,-0.00256107214412,-0.0016634072843,0.00323525788127,0.00431426128397,0.00479495839703,0.00248065720438,-0.00571811907616,-0.00514861518905,-0.00427961529776,0.000568211100475
EIF2A,0.00680829903584,-0.00625640685734,-0.0442333979186,0.0377817057521,0.0264144151206,0.0255039817515,0.0046811827533,-0.0390370182324,-0.000451695544661,-2.02205500892e-05,0.00637823449029
ERBB2,0.0397070019871,-0.00278601372323,0.0684587845191,0.0274837653101,-0.0474948132896,-0.0522350278455,-0.00204926210879,-0.00617576998471,0.0105415711394,-0.0477895976812,0.0260735806514
ROCK1,-0.0602999936537,-0.0208818761253,-0.0814685557781,0.0564187661069,0.050537314585,0.0130918776684,0.0277995017259,-0.144123376735,0.00713144716663,0.0344798184814,0.062312170385
ROCK2,-0.11059211997,0.0436944665196,-0.0394356401089,0.0916299791345,0.0020383231831,-0.00562363902622,-0.00240732383308,-0.0736241736728,-0.0230780992515,-0.0122869383335,0.0495843959813
Anthracycline,-0.14237208137,0.0636763579404,-0.0203181520508,-0.0805763702544,-0.0846417672887,-0.052414131518,0.00813013209962,0.121566263138,0.0312904643712,0.0199915558135,0.0452366119615
TOP2,-0.415045893701,0.0643315902015,0.0595788962443,0.137543499696,-0.343327212017,-0.0586705184166,0.087249519745,0.232927327989,0.0884493160602,-0.0129112715093,0.215283853173
Pyrimidine antimetabolite,-0.165062512313,0.0853553074057,-0.0955055907669,-0.147577215273,-0.0510497833354,-0.0127211718872,0.0298556884815,0.113300552794,0.0679785265217,0.0506912802528,0.0798126114126
DNA crosslinker,-0.0198039357198,-0.109763362796,-0.0526934094473,-0.0679212530907,0.0454265195254,0.00872740856387,0.0441374176225,0.0195910917494,0.0692211326605,0.0073942704835,0.0626247981884
Microtubule destabiliser,-0.0926924319725,-0.169792400238,0.157929721406,0.011331981921,-0.278756781921,0.0556538843775,0.0482870974867,0.189494130624,0.197992258508,-0.0744206773702,-0.0779899757578
SHP-1 (PTPN6),-0.0277421628333,0.0451821139917,-0.0164691228318,0.0178443819579,0.00641290458829,-0.00835979723769,0.0148726305588,0.00824763914849,0.0321660817513,-0.027783728552,0.0188593036414
SHP-2 (PTPN11),-0.0286488799784,0.0428697424698,-0.01710737042,0.0194084923644,0.0105681874152,-0.00385696878045,0.01869720552,0.000369475868152,0.0361321967068,-0.0339268151856,0.0147320104489
AR,-0.0512302269981,-0.0210610987803,0.00087929871123,0.118601863112,-0.0703944695891,0.0397041565189,-0.0103986556758,0.0305749763201,0.0406558917852,-0.0386079349939,0.0337752589258
ARFGAP1,-0.149021971438,0.076088432971,-0.0779901723938,0.00419358891366,-0.0281324730378,0.0199894152275,0.0468427786041,0.0395644700561,0.0312575453928,0.0403616770807,0.121804300893
ATM,-0.0283385335481,-0.0135933510584,-0.010257121606,0.00517425124493,0.00276798823986,0.0906106349096,-0.0313989526794,-0.00594753299342,0.013055081413,0.0447388265551,-0.0291126361896
PPK,-0.0981506769879,0.0104166237178,0.00166146020027,0.0455766110482,-0.107709065646,0.0585137781608,-0.00803091812223,0.10451122135,0.0123209729178,0.0175588858072,0.0232135348907
FLT1,-0.0624965628663,0.0229679192143,0.0497398009891,0.0171455814358,-0.131134725752,0.0239131852038,-0.0345897565662,0.150039977396,-0.0288132567581,0.0131195185833,0.011786294658
c-FGR,-0.0914701121126,0.00409900146994,0.00441215154464,0.0379199545628,-0.101470910898,0.0596840006782,-0.0086171710316,0.0999672522524,0.0129852437149,0.0153295425438,0.0169269672504
GSK3A,0.0105263367451,-0.0420355566009,-0.026789742861,0.00473372449038,0.0181508274321,0.0834717453203,-0.00712547867846,-0.0101832708805,0.0761301125041,-0.028436812576,-0.0523537455524
GSK3B,0.00920867702387,-0.0426202404907,-0.0272598659335,0.00415507551036,0.0131310099062,0.0892745358476,-0.0100695319793,-0.00983988832604,0.0774508252034,-0.0267613977449,-0.0523809654774
PDGFRA,-0.20001694311,-0.0328493197433,-0.0594994654016,0.208253696495,-0.0852902298135,0.0896527403889,0.0393215240512,0.0165847429321,0.0441466560292,-0.0228030470381,0.0356411364743
VEGFR2,0.0441834447509,-0.0246401520342,-0.00290161771415,-0.0192611710377,-0.0526066112983,0.0294473555126,-0.00484726894041,0.0929240751524,0.0250150118269,0.0128614473545,-0.00422904430195
FGFR1,0.0249694498734,-0.0330955318062,-0.00691420762223,0.0140942701821,0.0178147392984,0.00914282593312,0.0271054779385,0.0079199513951,0.0640081600224,0.00907494741442,0.00833572301469
TIE2,0.108341736931,-5.3661043108e-05,0.0466785270413,-0.0981305725364,-0.0714792408176,-0.0290317264918,-0.0356933140908,0.179580018253,-0.0346902533159,0.0457072696156,0.00610369301805
JNK2,-0.126575487011,-0.0402159343755,-0.0427119536863,0.0293770341846,-0.0807373516359,0.149949710993,0.00596079359203,0.143941470259,-0.00690501800338,-0.148317790018,-0.0561733022046
JNK3,-0.00418047941986,-0.013079269476,0.132064876055,0.0681852307298,-0.146156254568,-0.0257697968687,0.00906252219238,0.130552283878,0.0142516322089,-0.061975362287,-0.00834434818202
FAK,-0.136065547374,0.0243712196721,0.026143435213,0.0879799616384,-0.0927107913916,0.0149028887938,0.00935624470596,0.0694852172272,0.018161239553,-0.0235723003967,0.0571697365352
FAK2,-0.137853845667,0.0249306668553,0.0277937674235,0.092537441989,-0.0856576464,0.0119063766801,0.00695362438976,0.0600574962471,0.0160595121649,-0.0210645880327,0.057539905197
BRD2,0.0549304294987,0.0122862577112,-0.0486615413904,-0.0812738348406,0.0431857642653,0.00234884074687,0.000486758934679,0.00152603490135,-0.0574121230097,0.0183168449941,0.0488218366538
BRD3,0.0387972237615,0.012006022872,-0.0464231748506,-0.0663849909613,0.0478910923097,-0.00221825534121,0.00437102757741,-0.0135726237559,-0.0491470271597,0.0178414239325,0.0487957928165
BRD4,0.150228161433,-0.00983786962303,-0.0636030826962,-0.239328077826,0.056420996682,0.0545750686072,-0.029884217274,0.0159761292056,0.00666107695642,0.00316000835708,-0.0430806835583
BRDT,-0.121860795451,-0.10946921269,0.088532401837,0.115604647428,-0.243008860971,0.0987105814755,0.0729882713705,0.129586811662,0.197287968899,-0.0617492029189,0.0563723804615
HDAC2,-0.0646117691201,0.025704417818,0.0891741802785,0.0383459209433,-0.292444141044,-0.0330614828669,0.116406287499,0.316299367879,0.0864462293111,-0.00141130416551,0.153964161556
HIF-PH,0.037344539753,0.0216179951294,0.0474574292282,-0.235522443017,-0.243282918567,0.049152018924,0.056484747758,0.373089445998,-0.112364851276,-0.101854050183,0.0480086999067
Farnesyl-transferase (FNTA),0.0653978551994,0.0524857593669,-0.016054196143,-0.117107030396,-0.0797732374584,-0.0213259603276,0.070267412138,0.0706771807289,0.00290595662044,0.000926072547864,0.0252588055222
PDK1 (PDPK1),-0.109668312846,0.0543897568966,0.0210068322452,-0.00893563620233,-0.0399293108401,0.0207265911534,-0.00694334047275,-0.0355537840994,-0.0170867622912,0.0596880146757,0.0799674736503
not defined,-0.0864260633373,0.0136920542092,0.0292293328146,-0.0697109390068,-0.199527096635,0.0827770061262,0.0640429185922,0.197266582932,-0.0155875018772,-0.0346639562993,-0.0472178892598
XIAP,-0.0491306866048,0.0156773702263,-0.0170387775184,-0.022510910356,-0.0711400320549,0.0329024977862,0.0567827327964,0.0414388756054,0.0636890195079,0.0368238941739,0.0987040569478
PPARgamma,-0.0403627337131,-0.0738052515057,-0.0523430469989,0.00968671397594,-0.027463448172,0.0790058810154,0.0152726165809,-0.0602150332659,0.0537012487321,0.00395920298613,0.0111337134082
PPARdelta,-0.041141215853,-0.0767286265823,-0.0552217946242,0.00623834401903,-0.0358581506567,0.0815541747272,0.0140357834981,-0.0464336357807,0.0522490895247,0.00267655699055,0.00947238387141
Procaspase-3,0.0782022553561,0.0638173531093,-0.047319479582,-0.150137653802,-0.053987502823,0.0382668130618,-0.0191415385736,0.158940957219,-0.0579280932113,0.0206190100855,-0.0201399785803
Procaspase-7,0.0824446820962,0.0621015027272,-0.0449553707739,-0.148044350767,-0.0468626705276,0.0375805219266,-0.0182780835265,0.151321506561,-0.0587402972233,0.0166986573585,-0.0243523998192
PAK1,-0.0671279039941,0.086486540589,-0.150019901561,-0.126480459085,0.011048373171,0.149590197063,-0.051715673277,0.0572947251367,0.0252585084786,0.104510729468,-0.015650648394
SGK2,-0.214076136169,0.120672798657,-0.0543452210783,0.0206877137358,-0.00910024575469,-0.0190922766979,0.0239614116149,-0.0341478721001,0.0304885732083,0.0596418022744,0.116307111826
SGK3,-0.215536620297,0.120765048389,-0.058826387855,0.0235139947548,-0.0051439969027,-0.0166425501726,0.0229765565129,-0.0423757626994,0.0349885621421,0.0579738210559,0.109904595424
SYK,-0.0760162906013,0.078402748557,-0.0534303619676,-0.122535635286,-0.0727349520794,0.126479485906,-0.0442172866534,0.176514331227,-0.0331458758255,0.0245758431901,0.0156330287715
Antimetabolite (DNA & RNA),-0.02374932979,0.0838327112563,-0.0267465698065,-0.124636040611,0.132084715155,-0.00987262143385,-0.0835098564017,-0.0373493420542,-0.110234021158,0.0667210026351,0.0122449946964
SERCA,-0.146764290949,0.0957647171095,0.023893832112,-0.150889204841,-0.34126440197,0.199713675374,-0.00257998934676,0.389274702521,-0.0463641749226,0.00954278626215,-0.000491576851557
BCL2,0.0507631497343,-0.0631360399284,0.00138542498885,0.0148349156435,-0.0117706652808,0.0395295472479,0.000789486420054,-0.0120670669941,0.0771924343337,0.00229683632892,-0.042370022803
BCL-XL,0.0403758832823,-0.0591262113297,-2.4602824401e-05,0.0280579279483,-0.015397885029,0.0380567448421,0.00228202181469,-0.00831553184952,0.0724465135975,0.00949867682601,-0.0307782372873
BCL-W,0.024369027945,0.018562820269,-0.0798557346314,-0.153430570595,0.0223243609538,0.10655579189,-0.0247288369066,0.0822154760161,-0.0734322587245,-0.00454584332429,0.028224453746
MCL1,-0.0797757188738,-0.00343668699708,0.0287047810237,-0.0395231430094,-0.107174559932,0.0341209189675,0.00213135463589,0.099279401821,0.108660764884,0.154759635734,-0.0129530509126
Retinioic X receptor (RXR) agonist,-0.198934998936,-0.0465807144366,-0.0774701866397,0.128065207592,-0.0509159423673,0.0662356788415,0.0499307220195,0.0105402316934,0.114914030362,0.0265300305545,0.0579265984585
dsDNA break induction,-0.281785092675,0.019619293171,-0.0104895881756,0.0630754771875,-0.144360926723,0.00689106770033,-0.0356237554802,0.122716436301,0.269203449505,0.0717648956991,-0.0369887200916
BTK,-0.130222687988,0.0573312984876,0.0512290389386,0.119172477608,-0.173143266534,0.0312391744511,-0.0312588115392,0.105360762945,-0.0107732005087,-0.00108877944263,0.0544846852074
HSP90,0.0432864001681,-0.0984379335974,-0.0216099873898,0.0613677385458,0.0632985151162,-0.0394937986349,-0.0271819506078,-0.14016466574,0.180416856709,-0.057461046954,-0.0636026743844
Biguanide agent,-0.3056218474,0.0147601613712,-0.0510787653053,0.18472093691,0.194567821819,0.0838967583849,-0.0519292323105,-0.294419210232,-0.0375660236986,0.0120671667966,-0.000806010554608
PDGFRB,0.125242665989,-0.0489180690667,0.0201908303517,-0.101822020074,-0.041483511325,0.00988013761084,-0.00602900552373,0.107222531748,0.00173663249467,0.0360464465964,-0.052010513678
IKK1,-0.179147722237,0.0125439184593,-0.0619500098674,0.118360296529,-0.0493061579662,0.0685480480005,0.00782713819847,-0.0133694194458,0.080057429777,0.00756631811923,0.0354423962852
IKK2,0.166443035429,-0.0220265020037,0.0477731616624,-0.169219332706,0.0552318241416,-0.047009827221,-0.0793718848197,0.0551598482644,-0.165055162493,0.0610994098138,0.0250111572818
Amyloid beta20,0.0624701847641,-0.0171831313481,-0.00614021084281,0.00099424129885,-0.0191263039211,-0.0238655511112,-0.00171395475205,0.0524927074576,-0.0787347017298,-0.0836522100016,0.0584344851375
Amyloid beta40,0.0666656750208,-0.0176355268799,-0.00479361868932,0.00579172795605,-0.00758222676473,-0.0293275885064,-0.00119667458843,0.0381116340245,-0.0771926201429,-0.0770428019733,0.0557611144827
JAK1,-0.156462662432,-0.0112407142719,-0.0634370327196,0.117702925188,-0.0459961854246,0.109843358084,0.0295895572779,-0.0261256349585,0.0631199662302,0.000950379165039,0.0045297188875
JAK2,0.206570879527,0.00477885585197,-0.0475763809117,-0.175581070678,-0.0292932002798,-6.66590643854e-05,-0.0359010299413,0.122101893967,-0.105227464934,0.0787688094145,-0.0151528484668
JNK1,-0.129414834049,0.0493866953727,-0.0508000704256,-0.0442656113378,-0.0865638979383,0.153662560337,-0.0488810806453,0.124704362752,-0.0177487900064,0.0194023354659,-0.0993499454466
KSP,-0.339478775677,0.0408155642172,-0.027255092591,0.150875796414,-0.156746377504,0.0732650394487,-0.0364471987067,0.0185359437375,0.0937280167657,0.0998562972326,-0.0500242175914
CDK6,0.0911040398648,-0.0335353547037,0.0439339935623,-0.075048565549,-0.00633803532788,-0.0828168526054,0.0290063035678,0.025426060146,0.00899748488831,0.0283014164084,0.0377440866166
p38alpha,-0.030833295408,-0.0294976279021,-0.0197051196544,0.0105119657615,0.00929955139713,0.0230360611895,-0.00666991205749,-0.0232091083565,0.0182905672965,0.0171040402155,0.00279759132796
p38beta,-0.0386080122164,-0.028462279756,-0.0170328236395,0.0191117710285,0.00632207424484,0.026074127139,-0.00801360403576,-0.025243057767,0.0219048405816,0.015287020728,0.00339576613256
PI3K (class 1),0.118108735556,-0.184099421213,0.100154205667,-0.00244439854471,-0.130169493823,0.0447680009553,-0.0174969942747,0.116731643547,0.0249593362568,-0.0458785566336,-0.113417392008
PI3Kgamma,0.133397127707,-0.00416426579044,0.056388629465,-0.0852255784415,0.303578147676,-0.180995385004,-0.07072798048,-0.196271852555,-0.137046682057,0.120906450174,-0.0128492970513
PKCB,0.189802585929,0.0145464087459,0.0983853847815,-0.238166391093,-0.158138246926,0.0185646376627,-0.0358426124723,0.31852266224,-0.075305980805,0.0308398675714,-0.0137720624759
RSK,0.0380811305374,0.0041505997424,0.01924187102,0.0617550067438,-0.0530559441317,-0.0824704825723,0.0298319536637,0.0807105596289,-0.031844947677,-0.00925986567416,0.063428777868
PI3Kdelta,-0.0193220500121,-0.0283693689266,0.00303926028116,0.0433180876418,-0.0813868072373,0.069938270638,-0.0180110696318,0.0807888697211,-0.0277035519876,0.00408155446346,-0.0348351949221
G9a and GLP methyltransferases,0.102492551306,0.126346859278,-0.0159923173591,-0.115382075779,0.0809248031171,-0.0252530565274,-0.0745997761121,0.0383483026421,-0.0749506665335,0.0612068282253,-0.0591714350211
FLT4,0.0299191817171,-0.00779278853898,0.0419542910326,-0.00244658893322,0.00254225959604,-0.0312612640417,-0.0144920849309,-0.00299158449855,-0.010694021266,-0.000248897929858,-0.0041689243
AXL,0.024964967509,0.0190936692808,0.0528804662399,-0.0215144610656,-0.0324381238784,-0.0305335963665,-0.0264467054519,0.0550364856922,-0.0432688172046,-0.00639201699291,-0.00826526414049
NTRK2,0.0481257221044,-0.0332044188925,0.0500437029403,-0.028153927784,0.0488816811886,-0.0340241636263,-0.000860243879078,-0.0633502044303,0.042145937548,-0.0383329620327,-0.0199586634304
IRAK1,-0.049147652232,0.0606349533561,0.038790767775,0.0247651138032,-0.0354077378322,-0.0203180559522,-0.0277903783284,0.053919833499,-0.0305283742401,-0.0448768097636,-0.0103171086782
LTK,-0.0115208779223,-0.0184988667316,-0.0143972494797,0.00590299281752,-0.063875688736,0.0335310657332,0.0226611191876,0.0760809435247,-0.00475095739214,0.0278763106021,0.0592102522289
Autophagy inducer,0.0043209183481,-0.047042975559,-0.0317706387248,0.0230496869266,0.0738460209034,0.00549455907694,0.00296491182501,-0.101834764744,0.0280689590187,0.031484740813,0.0146413303117
TAK1,0.160795902644,0.00465973743095,0.0266209204393,-0.0907905965001,0.105961104496,-0.108942645804,-0.0307828816009,-0.063227242065,-0.00212169717683,0.0737063183737,-0.0376367049328
MAP4K2,0.0723801282276,0.0799744364243,0.0136365097531,-0.119758251068,0.00536064942026,-0.0427807587378,-0.0477272852738,0.134439750511,-0.14565546842,0.0455406594664,0.0532747498309
TAK,0.056129220703,0.0493115360495,-0.0347438064533,-0.0724051460473,0.132542275963,-0.0605352615643,-0.0297900906119,-0.0298183977424,-0.0894896398877,0.0634652368481,0.0472385072324
ERK2,0.341056312326,0.113844908523,-0.0044906865943,-0.274459184028,0.20152797277,-0.185366528991,-0.0628917626218,0.0206428073133,-0.23654971371,0.0776923468946,-0.00289235336132
ERK1,-0.0550773600921,-0.00667293062651,-0.040254308724,0.0826573515626,-0.051066479418,0.0636335604449,-0.00972447899394,0.0624140932418,0.0286238799837,-0.0453315299208,-0.0299262299627
HDAC6,-0.116282666237,0.0359224229253,-0.0648132694601,-0.0168000622558,0.11547596714,0.0486406975763,-0.0631547725231,-0.0881607667302,-0.053826266485,0.0837670196166,-0.018757152604
HDAC8,-0.141572421768,0.0954921713545,-0.0811152180237,0.00211992425816,-0.124323976858,0.0616582489429,0.0118835165305,0.155340696998,-0.05015289317,0.076574349399,0.0919892616875
Endothelin-1 receptor (EDNRA),-0.0128052612202,-0.00416740398043,-0.0342904339636,0.0498471344135,0.0054813258165,0.0312921218037,0.00616168128312,-0.00739612536225,-0.0107552704306,-0.0241956857511,0.00946894245547
BIRC5,-0.0718745621668,0.0969327996669,0.133600453547,0.0907164556353,0.162425084654,-0.103117518011,-0.0763113794741,-0.308132691096,-0.00770341455752,-0.0872711771006,-0.154862483263
MDM4,0.0273053943978,0.106696472376,-0.124816024579,-0.119267972138,-0.0309362047476,0.098580048731,-0.0452344021311,0.146073794697,-0.13523765795,0.0477386163248,-0.0496388215131
HDAC,-0.0272555068627,-0.01544110286,0.00957573846141,0.0388511249091,-0.0326883961331,0.0194372087902,-0.0020590839561,0.0209685368119,0.0128648438261,0.00452622300717,0.00722914197928
RAR,-0.0305675233397,-0.0149226737485,0.0117170676832,0.036505625314,-0.0345332229955,0.0187707299834,-0.00116126853101,0.0205052291402,0.00944401488932,0.00503972582711,0.011243682876
HDAC1-10,-0.0899603587283,0.0269903085982,-0.0614203683699,0.00066243917351,0.33776865515,-0.00841944800035,-0.0375423038787,-0.401917961028,-0.0278611419506,0.0051877349879,-0.114956214492
VEGFR1,-0.0229089469387,-0.0152725476459,0.00132413020805,0.0452740509558,-0.0214730155327,0.02665787274,0.0068612545335,-0.0216554164393,0.0157269897334,-0.0453682559172,-0.0101336517476
VEGFR3,-0.0206165141585,-0.011602004417,-0.00319478969507,0.0436754181779,-0.0199687103465,0.0256668160817,0.00314666177242,-0.0185937372815,0.0155123645881,-0.0420989346416,-0.0139928953051
MEK5,0.166115915216,0.0195134440041,-0.0136146846927,-0.12369739381,0.077900696894,-0.0585944534035,-0.0289528957267,0.00103426719831,-0.0862411854093,0.0275712500965,-0.00960540614402
MTORC2,-0.0416098673355,-0.0176887616468,0.0891341386539,0.137323395918,-0.0347270031269,-0.0599650426097,0.0264861894411,0.0073681794839,-0.0138218645976,0.0795666950557,0.0756284175625
Angiopoietin-1 receptor,-0.0050849696528,0.0335007966711,-0.0375636791918,-0.0491894327266,0.00927029095804,0.00102462558451,-0.00173855946509,0.0288186782079,-0.0677733014292,0.00741643517322,0.0719059984874
JAK3,0.119292262205,-0.0225732437192,0.0906830456947,-0.104865179492,-0.0995134266812,-0.0267600026178,-0.0112511584788,0.112841361922,-0.0111447400948,0.0247166220575,-0.0288070548867
IKKB,0.0414289678689,0.0317199202647,-0.0389461303353,-0.0210272090734,0.09528952668,-0.0138978191802,-0.0257460118256,-0.0246412258091,-0.0647597769631,0.042094611318,-0.00579729966518
MAP3K8,0.127480828181,-0.0406495536724,0.083005479985,-0.0411911824391,0.00493074445557,-0.0228952968447,-0.0295890520513,0.0345143947105,0.00372731523002,0.0348161161415,-0.0399129729713
MPS1,0.122800996621,0.0314172936566,0.0208248459582,-0.11765892453,-0.0371151836617,0.0153035206888,-0.0806994595832,0.156055072121,-0.176979470685,0.0226674821375,-0.0420235552364
EPHB4,0.294624179264,0.0713932736132,-0.0328223119557,-0.267250037825,0.229257755697,-0.11454155237,-0.0746803494433,-0.0505956748864,-0.215256435258,0.0649146458871,-0.04325563331
RNA Polymerase 1,-0.0517864308082,0.0802206682973,-0.0618484971066,-0.122545725971,0.0432149453744,0.0346321672825,-0.0918702292486,0.0518689866212,-0.162950779691,0.103471834585,0.005004314463
PI3Kalpha,-0.192199243061,0.114314305455,0.0140244085049,0.193109047866,-0.117803212986,-0.0387572057429,-0.0259914129247,0.0966792504743,0.0339259441625,0.0837435335738,-0.0123591148285
DAPK3,-0.197139213601,0.11305086339,0.0153800805293,0.199300687827,-0.123996990508,-0.0345111019218,-0.0257363073322,0.101171526159,0.0341879075446,0.0852186295981,-0.0141678907094
CLK4,-0.194214117323,0.111064371112,0.0117488547907,0.192861777543,-0.110141683955,-0.0324947863976,-0.024222728606,0.0870024657788,0.0358731166763,0.0822696577615,-0.0169391072488
PIM3,-0.103681858041,0.109668248966,0.0359226852914,0.123434804934,-0.0858861551273,-0.0729858343652,-0.0236913549868,0.0878709780027,0.0225313192708,0.0777449837586,0.0126023469513
HIPK2,-0.189158324281,0.114326191855,0.0132112025911,0.188963110929,-0.107052031398,-0.0359834014728,-0.0269923153673,0.0887795623732,0.025327434704,0.0854248620575,-0.0164852068636
ALK5,0.145076958929,-0.0161870171252,-0.0408642884624,-0.0171343423921,-0.0227626573057,-0.0260839189724,-0.0048907055494,0.0889766621748,-0.0831738275949,0.0717177449348,-0.0131491970568
TNKS1,0.0770744275411,0.0194321719003,0.0978285493121,-0.0504459116004,-0.0744278233126,-0.038699115366,-0.0351946331026,0.096070718919,-0.0461840916133,-0.021768059048,0.0149590950669
TNKS2,0.0705419617337,0.0216838398837,0.0955278276908,-0.042632760005,-0.0772321936413,-0.0413572561495,-0.0312213760553,0.0984669380171,-0.0456884284866,-0.023058728795,0.0189830452471
ROCK,-0.0696939420217,0.0346985031165,-0.0638451351678,0.0113202266462,0.118222318287,0.0577572418179,-0.0524567275318,-0.0667118733011,-0.0584240502034,0.10614299984,-0.0126494370739
PYKFYVE,0.182760805857,-0.000918854708258,-0.00556082915155,-0.111468288665,0.109103715119,-0.0388465218798,-0.0596846593915,-0.0199416138418,-0.0899942717026,0.0286708223026,-0.0679608417995
DDR1,-0.0297775737862,0.0118321059313,0.0072419835083,0.0323353668239,-0.0871547343459,0.00367030851326,-0.00965798244349,0.109776443633,-0.0560292593329,0.0323909559298,0.0409662753674
RIPK1,-0.130176267734,0.0689024313197,-0.0636099713434,0.0526917883025,0.0354772553035,0.0314034402455,0.00141493587145,-0.0585422859159,-0.0566895753839,-0.00627313574715,-0.000185738282962
CAMK2,-0.020913614247,-0.00547129319714,-0.0309520551171,0.00748109200033,-0.0236729854363,0.0353912650815,-0.00675651127375,0.0370777396163,-0.019024483128,0.00526809547543,0.0446220478029
LXR,-0.09834496592,-0.0261120766718,-0.0163513923838,0.148436283344,-0.0220277245068,0.0230537319578,0.0101527824328,-0.0690191844884,0.0700811139225,-0.0202291869484,0.0392475838854
FXR,-0.0977230840877,-0.0256385627037,-0.00948237070316,0.151690816871,-0.0205771335163,0.0178665994235,0.0116102984723,-0.0697183887388,0.0664789686439,-0.0221285391631,0.0407234921805
SIRT1,-0.0847378792094,0.00695826891364,-0.0372907067274,0.125120063092,-0.00615093600374,0.0419210118525,0.00231459987625,-0.0393439440242,0.0402530353692,0.00231879901264,0.0241526814449
AMPK agonist,0.074239234496,-0.0380995528448,-0.0200476985471,0.0835809707134,-0.0298541776618,-0.0331530423845,0.0410594969247,0.0445189469101,0.0727848589583,0.0587505268618,0.0769489260752
TOP1,-0.104013495061,-0.201337979994,0.221158141981,0.123757574402,-0.0561069296675,-0.196672854373,0.118091660676,-0.125103408836,0.299713751997,-0.00204896964156,0.0853195549253
Antimetabolite,0.0707396453163,-0.128619700694,-0.0310840664725,0.050379545639,0.00959713205455,-0.0259604824661,0.0506775740509,-0.0657116777226,0.10312997157,-0.0171931207452,-0.0614262771191
Retinoic acid,-0.0440726638969,-0.00149475500478,-0.0233416404259,0.0504548208357,-0.0545236668599,0.0501763451658,-0.00866242822391,0.0114446979806,0.0562385768187,-0.00422272741473,0.0494673887179
HDAC inhibitor Class I,0.0814658376795,-0.0758447027117,0.0116296700518,-0.00185131052979,0.0744317337095,-0.0282999256673,0.0245828680508,-0.0798082233604,0.0415165680124,-0.0225623307294,-0.0422483630008
IIa,0.0922408688903,-0.0792790429138,0.00715259240942,-0.0146656052404,0.0674140721602,-0.0238563463093,0.0262267104338,-0.0716816384599,0.0360928777439,-0.0254625255027,-0.0422404352792
IIb,0.0914479210847,-0.0768724554534,0.00615371814661,-0.0176031086455,0.073283301503,-0.0256486043902,0.0271554165038,-0.0747091700828,0.0319118130966,-0.0246040059737,-0.0424666335232
IV,0.0983773893201,-0.0779959167056,0.0111024436739,-0.0197382175783,0.0869172029732,-0.0321820136124,0.0239495337204,-0.0883739310019,0.0316661727802,-0.025427603807,-0.048432671944
MEK1,0.407282629382,-0.059421251947,0.0664563241051,-0.279241278015,0.129062488546,-0.166175394028,0.0362901008785,-0.148495339491,0.0587062209832,0.0957563141067,-0.0575989594249
MEK2,0.410051405613,-0.0663425974548,0.064733316041,-0.280399413439,0.117807751048,-0.164619493942,0.0430947501466,-0.137369520885,0.0684905763372,0.0883452991016,-0.0614221709266
PARP1,-0.0525194061541,-0.000226807985369,-0.00969616226287,0.139609930476,0.00249767683793,-0.0578819180583,0.0550978939322,-0.0376334264567,0.0305454620556,-0.00808142349038,0.0812441346219
PARP2,-0.0405702174927,0.0022295240775,-0.0160316938658,0.13254537046,0.0172610355612,-0.0612437734689,0.0537443901521,-0.0504860920193,0.0311774575275,-0.00723685807779,0.0741623749722
TEC,0.0914683914196,-0.0951717047497,-0.128495095774,-0.0816817720057,0.223942043163,0.0639173263391,0.0401315997559,-0.239657145097,-0.0174117610501,-0.0566380673593,-0.0559666355173
CRBN,-0.0701275189297,-0.0195834977577,-0.031359992049,0.133597256922,-0.0378537725017,0.0801125066281,0.0273401486229,0.0136949031311,0.0436036656634,-0.0272874444492,0.0196797817691
CHEK1,0.236333457929,-0.173048881861,0.0779280399936,-0.0594553883733,0.0887482393035,-0.0344345139067,0.0318577274005,-0.0583434114799,0.0922097958229,-0.0798626878291,-0.030607769366
CHEK2,0.235680282713,-0.1683913279,0.0570705476282,-0.136388249053,0.0830179188884,-0.00964790637412,0.0332901267599,-0.0413774391809,0.0526277357113,-0.102439659447,-0.0395348835168
NTRK1,0.0790445005058,-0.142833534027,-0.057519951741,-0.0103643781648,0.0844854938207,0.0642085951337,0.00825553208437,-0.0588451024874,0.046585090988,-0.100460186299,-0.0373361854762
NTRK3,0.0889479196179,-0.0958408301087,0.0131102673326,-0.0417575240774,0.0869654903687,-0.0079705884724,0.0294820941268,-0.127938569809,0.0721565740446,0.000958439001082,-0.00699345932322
p38,0.0116978803149,-0.00573981991679,-0.0768205688335,0.0379667465688,0.124950726098,0.00477288809453,0.0261414460756,-0.121738392085,-0.0289815928515,-0.150155131334,-0.00865486776861
TBK1,0.0192437852895,-0.086887388866,0.0283207302437,0.0477466305504,-0.0272091291976,0.0379839480568,-0.00251376578541,-0.0111521631922,0.0675357824248,-0.0132111465046,-0.0332754295323
DNAPK,0.0491951791546,-0.0593947722027,0.0189929141246,0.044479681058,0.0598502562794,-0.00629354922858,0.031702379448,-0.132226807844,0.110069304784,-0.0645384702345,-0.0391572411456
PIM1,0.0883938975704,-0.00204224018931,0.0265631570432,-0.0625721113441,0.0266257776883,-0.0378979667245,0.0009450086294,-0.00105047245277,-0.0120454156041,-0.00203446163853,0.0285422177684
JNK,-0.000339061496619,-0.0639181529854,-0.104498565447,0.0273244247319,-0.00323796132961,0.080291965211,-0.00435706695717,0.0176742513632,0.00840093406388,-0.0579902079286,-0.0261058654916
WEE1,-0.00205550006775,-0.00349543617405,0.0231640826657,0.0759333116198,-0.0113327086601,-0.0196314934286,-0.00123680148613,0.000800065870051,0.0434859821465,0.021279022989,0.0105541192493
MDM2,0.0527164505468,-0.0689468829688,0.064546882119,0.12864569905,-0.0768727284656,-0.0677143596439,0.067493590419,0.0264272107024,0.13307925386,0.0372383431936,0.0689828030435
FGFR3,-0.0515820709325,-0.0144596969488,-0.00290628601097,0.0742892304145,0.0520990007768,0.00847794235358,0.0350579464591,-0.10643592867,0.0456235114152,-0.0475624971121,-0.00569362880223
PI3K (Class 1),0.062637260513,-0.0939782073317,0.0220287344355,0.0604109672331,0.136056361385,-0.0350166850992,0.0584949946206,-0.243565274484,0.174570335701,0.0145016910568,-0.0433241295778
PPM1D,0.0650781960643,0.021666129881,0.0647570460295,0.0287219884194,-0.0257286135887,-0.0724744999196,0.0266176105777,-0.0217692073909,-0.0128650241092,-0.0662181594582,0.084950433546
RAC1,0.0131193090748,-0.0240768446563,0.0379021861071,0.0484602330226,-0.0335873331047,-0.0308092092873,0.03264252473,-0.0293332652481,0.0333783597186,-0.0337494898002,0.0390987441999
RAC2,0.0154600566323,-0.0243921907461,0.0374493508378,0.0454387204066,-0.0346248724238,-0.0298215461143,0.0342360393842,-0.0250084020829,0.0324958185513,-0.0379903277707,0.0311616901467
RAC3,0.00763880079248,-0.0238529493834,0.0410978709457,0.0518635835724,-0.0385981044824,-0.0301247844985,0.031388575429,-0.0305399251334,0.0345590649859,-0.0375108175085,0.0353406379433
S6K1,0.0430319524247,-0.0453993503944,0.0652282823597,0.149996757502,0.0118132936437,-0.137757139935,0.0300770089207,-0.106512618066,0.0510723249649,-0.0641764206049,0.0622667466412
LOK,0.00278990301957,0.00392609176061,0.0247668987258,-0.0166015174922,-0.0400665250071,0.00334249327818,-0.0138502678667,0.036979800066,-0.000760158110863,0.00522760385191,-0.012243666613
TRCB,0.00159901673539,0.00100946418195,0.0289662081766,-0.0179882624167,-0.0414802611747,0.00529329263763,-0.0135099286826,0.035785520495,0.00728866669273,0.00588724568836,-0.0162558448807
ABL(T315I),-0.00302460185636,0.00139708829849,0.0279168066896,-0.0127124849785,-0.0448025380567,0.00113233859643,-0.0134748853824,0.0404954581705,0.0053886759195,0.00942533159708,-0.0109451141133
ADCK4,-0.0518998469119,0.0495718874833,0.0175508210907,0.0361634901756,-0.00577879942381,-0.0322404665238,-0.0126401585395,0.00953955721175,0.0267229754395,0.0959530468176,-0.0169112736341
BRSK2,0.00440810560723,-0.0289757994213,-0.00797148931991,0.0261151462136,0.0340922234565,-0.000734093701128,0.0130376532503,-0.0597649917284,0.0382754307204,0.00534436983799,0.000357492824212
MARK4,0.0103946897896,-0.0321567850912,-0.00681458892899,0.0175920841707,0.0363355890588,-0.000637112785269,0.0132331038946,-0.057910854405,0.0349732259128,0.00784856290016,0.000119513875428
PRKCD,0.00898337236042,-0.0322077783944,-0.00670195539847,0.024031096523,0.0439525017987,-0.00131736214182,0.0142529672668,-0.069009044791,0.0404014464193,0.00965406590903,-0.000216005405976
SPRK1,0.00836557931152,-0.0310939111653,-0.00954040550922,0.0155554840611,0.0343128498879,0.00344131939163,0.014688066453,-0.0552650299748,0.034575104081,0.00952446524126,-0.000746798373342
MAPK7,-0.0140448356104,-0.06831449287,-0.00288063153723,0.0489517160099,0.113365328102,-0.00743298949968,0.0324685097903,-0.16749035788,0.0818561973741,-0.0108113541114,0.0113988524569
ATR,0.0383913378757,0.0704731327938,0.0261293558807,0.027989715815,0.04141968619,-0.0725718441092,-0.0292070028934,-0.0123670705549,-0.0611722587098,0.0317522342019,-0.0277087167406
ALK4,0.0410443340099,-0.0435963852736,-0.00745256235122,0.0390273411938,-0.0743272252287,0.0188673484829,0.0229002729871,0.0146243581804,0.0376109997978,-0.0399645799884,-0.00122062519444
ESR1,0.124975838542,-0.0458765901821,0.0217734602675,0.00745594781615,-0.0355320170202,-0.0325414581825,0.0306196144897,0.0259677536535,0.00432811764458,-0.0346432156806,0.00897274915859
EGLN1,-0.0223480082648,-0.0430670258644,-0.03851158976,0.00741370709767,0.0432558544385,0.0177510663141,0.0307536789567,-0.0823680612729,0.0551487921827,-0.0352947136383,-0.0246079546189
RNA helicase A,-0.0306450769611,0.00121146892939,0.0105030680546,0.0349477272301,0.0256092565425,0.000744683129294,0.000946656711884,-0.0461038136939,0.0300418875249,-0.0156827273237,-0.0285649430658
Induces reactive oxygen species,-0.015071295712,-0.0608475512391,0.0188525064904,0.083790094392,-0.0224509389341,-0.0465406305927,0.0357044213671,-0.0339809832767,0.196338164083,0.0844487712543,-0.0235015831889
NAMPT,-0.196660699541,0.107172780954,-0.194209816077,0.142297682135,0.137478449447,0.0843511207025,-0.0614344389735,-0.30822451489,0.0944427896227,0.0556174139027,-0.172027676813
TRAIL receptor agonist,-0.0173588922524,-0.0394083253516,0.00289097068852,-0.0846537516346,0.138800688405,0.111892547087,-0.0460093364706,-0.0428853228982,-0.0140045968352,-0.105716398436,-0.0707503027637
L3MBTL3,-0.0593476281788,0.00269892758545,-0.0143289850509,0.0422472968475,-0.0186067535086,0.0164013806949,0.0170575939224,-0.000539541507116,0.0211402917055,-0.0216285638896,0.00904611104556
DOT1L,-0.041766804526,-0.0362421183545,-0.0306323234648,0.00664737657244,-0.00211805051922,0.0864669774105,0.0222593612338,-0.0234163145594,0.0297386640757,-0.0594860779577,-0.039661528544
DNA alkylating agent,0.0365226535243,-0.0329474595211,-0.0225293879395,0.0340234871628,-0.00358458450267,0.0189725515923,0.00691286178347,0.0101418545534,0.000964076557056,-0.0249839253832,0.0311035485677
NAE,-0.290592066292,-0.00463329890494,0.0895998384231,0.177213374399,-0.10198797196,-0.037005347316,0.0783118471453,-0.0602733998676,0.182036206329,-0.0681460159966,0.138627952327
